投稿日,曜日,時刻,動物種,テーマ,文字数,投稿文(冒頭50文字)
2025-07-28,月曜,07:00,猫,猫の健康管理,138,"---

#猫のあれこれ

愛猫の元気は日々の観察から🐾
食欲や飲水量、おトイレの様子は健康のバロメ..."
2025-07-29,火曜,07:00,猫,猫の行動学,130,"【タイトル】#猫のあれこれ

猫がゴロゴロ喉を鳴らすのは、リラックスしている時だけじゃないって知って..."
2025-07-30,水曜,07:00,猫,猫のグルーミング,137,"【タイトル】愛猫の健康を第一に考えて
#猫のあれこれ

せっせと毛づくろいタイム👅 ザラザラの舌で体..."
2025-07-31,木曜,07:00,猫,猫の栄養学,128,"【タイトル】#猫のあれこれ

知ってた？猫は完全な肉食動物！🍖 人間や犬と違い、動物性タンパク質が主..."
2025-08-01,金曜,07:00,猫,猫の病気予防,128,"#猫のあれこれ

大切な愛猫に長生きしてほしいですよね❤️病気予防の基本は、定期的なワクチン接種とノ..."
2025-08-02,土曜,07:00,猫,猫のストレス管理,136,"【タイトル】#猫のあれこれ

猫もストレスを感じます😿過剰なグルーミング、食欲不振、トイレ以外での粗..."
2025-08-03,日曜,07:00,猫,猫の老齢ケア,139,"
#猫のあれこれ

シニア猫との暮らし、愛おしい時間が増えますね💕 最近、食事の好みや寝る場所が変わ..."
2025-07-28,月曜,18:00,犬,犬の健康管理,23,"3パターン提案します
#獣医が教える犬のはなし"
2025-07-29,火曜,18:00,犬,犬の健康管理,106,--- Q.犬に人間の食べ物はあげていい？🤔 A.基本はNGです！玉ねぎやチョコは中毒の危険があり、...
2025-07-30,水曜,18:00,犬,犬の行動学,118,--- 【犬のきもちクイズ】 しっぽを振っている犬は、いつも喜んでいる…これってホント？ウソ？🐶❓ ...
2025-07-31,木曜,18:00,犬,犬の行動学,118,--- Q. なぜ犬はお腹を見せるの？🤔 A. 服従と信頼のサインです。お腹は犬にとって急所。そこを...
2025-08-01,金曜,18:00,犬,犬のしつけ,125,--- 「うちの子、全然言うこと聞いてくれない…」犬のしつけ、悩みますよね。あなたの「こうしたら上手...
2025-08-02,土曜,18:00,犬,犬の栄養学,133,"
#獣医が教える犬のはなし

いつものフードに飽きてきた愛犬にひと工夫🤔野菜を少量トッピングしてみま..."
2025-08-03,日曜,18:00,犬,犬の病気予防,141,"
#獣医が教える犬のはなし

愛犬の病気予防で大切なのは「定期健診」です。ワクチンはもちろん、年に1..."
